[{"pos_x": 157.48, "pos_y": -99.314, "rotation": -90.0, "side": "top", "designator": "TP29", "mpn": null, "pack": "TestPoint_2Pads_Pitch2.54mm_Drill0.8mm", "value": "RTC Reset", "mount_type": "tht", "place": true}, {"pos_x": 110.109, "pos_y": -74.041, "rotation": -90.0, "side": "top", "designator": "R17", "mpn": null, "pack": "R_0603_1608Metric_Pad0.98x0.95mm_HandSolder", "value": "220", "mount_type": "smt", "place": true}, {"pos_x": 112.141, "pos_y": -73.279, "rotation": -90.0, "side": "top", "designator": "R16", "mpn": null, "pack": "R_0603_1608Metric_Pad0.98x0.95mm_HandSolder", "value": "220", "mount_type": "smt", "place": true}, {"pos_x": 168.783, "pos_y": -88.0995, "rotation": 90.0, "side": "top", "designator": "C10", "mpn": null, "pack": "C_0603_1608Metric_Pad1.08x0.95mm_HandSolder", "value": "0.01 uF", "mount_type": "smt", "place": true}, {"pos_x": 164.0941, "pos_y": -56.4311, "rotation": 0.0, "side": "top", "designator": "C1", "mpn": null, "pack": "C_1206_3216Metric_Pad1.33x1.80mm_HandSolder", "value": "22 uF", "mount_type": "smt", "place": true}, {"pos_x": 174.651, "pos_y": -78.613, "rotation": 90.0, "side": "top", "designator": "U6", "mpn": null, "pack": "HTSSOP-16-1EP_4.4x5mm_P0.65mm_EP3x3mm", "value": "DRV8833PW", "mount_type": "smt", "place": true}, {"pos_x": 109.855, "pos_y": -81.534, "rotation": 0.0, "side": "top", "designator": "TP16", "mpn": null, "pack": "TestPoint_THTPad_D1.0mm_Drill0.5mm", "value": "TestPoint_Probe", "mount_type": "tht", "place": true}, {"pos_x": 108.907, "pos_y": -129.286, "rotation": 0.0, "side": "top", "designator": "BT2", "mpn": null, "pack": "BatteryHolder_MPD_BH-18650-PC2", "value": "Battery", "mount_type": "tht", "place": true}, {"pos_x": 176.8979, "pos_y": -62.6618, "rotation": 180.0, "side": "top", "designator": "C4", "mpn": null, "pack": "C_1206_3216Metric_Pad1.33x1.80mm_HandSolder", "value": "22 uF", "mount_type": "smt", "place": true}, {"pos_x": 127.0, "pos_y": -81.026, "rotation": -90.0, "side": "top", "designator": "R15", "mpn": null, "pack": "R_0603_1608Metric_Pad0.98x0.95mm_HandSolder", "value": "10 K", "mount_type": "smt", "place": true}, {"pos_x": 113.411, "pos_y": -54.991, "rotation": 0.0, "side": "top", "designator": "U10", "mpn": null, "pack": "SOT-223-3_TabPin2", "value": "AMS1117-3.3", "mount_type": "smt", "place": true}, {"pos_x": 186.69, "pos_y": -128.778, "rotation": 0.0, "side": "top", "designator": "TP6", "mpn": null, "pack": "TestPoint_THTPad_D1.0mm_Drill0.5mm", "value": "TestPoint_Probe", "mount_type": "tht", "place": true}, {"pos_x": 126.4135, "pos_y": -65.913, "rotation": -90.0, "side": "top", "designator": "R12", "mpn": null, "pack": "R_0603_1608Metric_Pad0.98x0.95mm_HandSolder", "value": "10 K", "mount_type": "smt", "place": true}, {"pos_x": 185.893, "pos_y": -93.218, "rotation": 90.0, "side": "top", "designator": "J6", "mpn": null, "pack": "Terminal_5mm", "value": "Conn_01x02", "mount_type": "tht", "place": true}, {"pos_x": 117.475, "pos_y": -112.776, "rotation": 0.0, "side": "top", "designator": "TP9", "mpn": null, "pack": "TestPoint_THTPad_D1.0mm_Drill0.5mm", "value": "TestPoint_Probe", "mount_type": "tht", "place": true}, {"pos_x": 165.608, "pos_y": -78.867, "rotation": -90.0, "side": "top", "designator": "C9", "mpn": null, "pack": "C_1206_3216Metric_Pad1.33x1.80mm_HandSolder", "value": "10 uF", "mount_type": "smt", "place": true}, {"pos_x": 174.651, "pos_y": -90.07225, "rotation": 90.0, "side": "top", "designator": "U11", "mpn": null, "pack": "HTSSOP-16-1EP_4.4x5mm_P0.65mm_EP3x3mm", "value": "DRV8833PW", "mount_type": "smt", "place": true}, {"pos_x": 168.783, "pos_y": -99.249, "rotation": 90.0, "side": "top", "designator": "C17", "mpn": null, "pack": "C_0603_1608Metric_Pad1.08x0.95mm_HandSolder", "value": "0.01 uF", "mount_type": "smt", "place": true}, {"pos_x": 164.9241, "pos_y": -52.197, "rotation": 0.0, "side": "top", "designator": "R2", "mpn": null, "pack": "R_0603_1608Metric_Pad0.98x0.95mm_HandSolder", "value": "560 K", "mount_type": "smt", "place": true}, {"pos_x": 168.783, "pos_y": -80.752, "rotation": -90.0, "side": "top", "designator": "C5", "mpn": null, "pack": "C_0603_1608Metric_Pad1.08x0.95mm_HandSolder", "value": "2.2 uF", "mount_type": "smt", "place": true}, {"pos_x": 102.235, "pos_y": -82.804, "rotation": 180.0, "side": "top", "designator": "R1", "mpn": null, "pack": "R_0603_1608Metric_Pad0.98x0.95mm_HandSolder", "value": "330 Ohm", "mount_type": "smt", "place": true}, {"pos_x": 161.544, "pos_y": -77.343, "rotation": 0.0, "side": "top", "designator": "TP2", "mpn": null, "pack": "TestPoint_THTPad_D1.0mm_Drill0.5mm", "value": "TestPoint", "mount_type": "tht", "place": true}, {"pos_x": 171.150677, "pos_y": -67.056, "rotation": 180.0, "side": "top", "designator": "C6", "mpn": null, "pack": "CP_Radial_D10.0mm_P5.00mm", "value": "1000 uF", "mount_type": "tht", "place": true}, {"pos_x": 116.205, "pos_y": -78.486, "rotation": 0.0, "side": "top", "designator": "TP7", "mpn": null, "pack": "TestPoint_THTPad_D1.0mm_Drill0.5mm", "value": "TestPoint_Probe", "mount_type": "tht", "place": true}, {"pos_x": 112.076, "pos_y": -64.962, "rotation": -90.0, "side": "top", "designator": "U8", "mpn": null, "pack": "SOIC-8-1EP_3.9x4.9mm_P1.27mm_EP2.29x3mm", "value": "TP4056", "mount_type": "smt", "place": true}, {"pos_x": 121.7145, "pos_y": -53.34, "rotation": 180.0, "side": "top", "designator": "Y2", "mpn": null, "pack": "Resonator_SMD_Murata_CSTxExxV-3Pin_3.0x1.1mm_HandSoldering", "value": "Resonator", "mount_type": "smt", "place": true}, {"pos_x": 185.893, "pos_y": -103.251, "rotation": 90.0, "side": "top", "designator": "J7", "mpn": null, "pack": "Terminal_5mm", "value": "Conn_01x02", "mount_type": "tht", "place": true}, {"pos_x": 107.061, "pos_y": -58.674, "rotation": 90.0, "side": "top", "designator": "TP28", "mpn": null, "pack": "TestPoint_2Pads_Pitch2.54mm_Drill0.8mm", "value": "TestPoint_2Pole", "mount_type": "tht", "place": true}, {"pos_x": 106.807, "pos_y": -74.549, "rotation": 0.0, "side": "top", "designator": "TP18", "mpn": null, "pack": "TestPoint_THTPad_D1.0mm_Drill0.5mm", "value": "TestPoint_Probe", "mount_type": "tht", "place": true}, {"pos_x": 158.623, "pos_y": -117.221, "rotation": 0.0, "side": "top", "designator": "TP31", "mpn": null, "pack": "TestPoint_THTPad_D1.0mm_Drill0.5mm", "value": "TestPoint_Probe", "mount_type": "tht", "place": true}, {"pos_x": 136.525, "pos_y": -70.993, "rotation": 0.0, "side": "top", "designator": "TP26", "mpn": null, "pack": "TestPoint_THTPad_D1.0mm_Drill0.5mm", "value": "TestPoint_Probe", "mount_type": "tht", "place": true}, {"pos_x": 108.712, "pos_y": -78.486, "rotation": 0.0, "side": "top", "designator": "TP17", "mpn": null, "pack": "TestPoint_THTPad_D1.0mm_Drill0.5mm", "value": "TestPoint_Probe", "mount_type": "tht", "place": true}, {"pos_x": 102.87, "pos_y": -78.232, "rotation": -90.0, "side": "top", "designator": "D1", "mpn": null, "pack": "LED_D3.0mm_Clear", "value": "LED", "mount_type": "tht", "place": true}, {"pos_x": 125.095, "pos_y": -112.903, "rotation": 0.0, "side": "top", "designator": "J17", "mpn": null, "pack": "Pin_D1.0mm_L10.0mm", "value": "Conn_01x01_Pin", "mount_type": "tht", "place": true}, {"pos_x": 121.285, "pos_y": -112.776, "rotation": 0.0, "side": "top", "designator": "J16", "mpn": null, "pack": "Pin_D1.0mm_L10.0mm", "value": "Conn_01x01_Pin", "mount_type": "tht", "place": true}, {"pos_x": 116.152, "pos_y": -67.056, "rotation": 90.0, "side": "top", "designator": "C8", "mpn": null, "pack": "C_0603_1608Metric_Pad1.08x0.95mm_HandSolder", "value": "100nF", "mount_type": "smt", "place": true}, {"pos_x": 168.783, "pos_y": -76.307, "rotation": 90.0, "side": "top", "designator": "C3", "mpn": null, "pack": "C_0603_1608Metric_Pad1.08x0.95mm_HandSolder", "value": "0.01 uF", "mount_type": "smt", "place": true}, {"pos_x": 130.048, "pos_y": -81.026, "rotation": 0.0, "side": "top", "designator": "Q4", "mpn": null, "pack": "SOT-23", "value": "AO3401A", "mount_type": "smt", "place": true}, {"pos_x": 108.278, "pos_y": -66.5215, "rotation": 90.0, "side": "top", "designator": "C12", "mpn": null, "pack": "C_0603_1608Metric_Pad1.08x0.95mm_HandSolder", "value": "10uF", "mount_type": "smt", "place": true}, {"pos_x": 113.665, "pos_y": -78.486, "rotation": 0.0, "side": "top", "designator": "TP14", "mpn": null, "pack": "TestPoint_THTPad_D1.0mm_Drill0.5mm", "value": "TestPoint_Probe", "mount_type": "tht", "place": true}, {"pos_x": 186.69, "pos_y": -53.34, "rotation": 0.0, "side": "top", "designator": "J11", "mpn": null, "pack": "MountingHole_3.2mm_M3_ISO7380_Pad_TopBottom", "value": "Conn_01x01_Pin", "mount_type": "tht", "place": true}, {"pos_x": 108.5097, "pos_y": -107.95, "rotation": 0.0, "side": "top", "designator": "TP25", "mpn": null, "pack": "TestPoint_THTPad_D1.0mm_Drill0.5mm", "value": "TestPoint_Probe", "mount_type": "tht", "place": true}, {"pos_x": 113.792, "pos_y": -107.95, "rotation": 0.0, "side": "top", "designator": "TP20", "mpn": null, "pack": "TestPoint_THTPad_D1.0mm_Drill0.5mm", "value": "TestPoint_Probe", "mount_type": "tht", "place": true}, {"pos_x": 164.5241, "pos_y": -59.8932, "rotation": 180.0, "side": "top", "designator": "U5", "mpn": null, "pack": "SOT-23-6", "value": "MT3608", "mount_type": "smt", "place": true}, {"pos_x": 181.737, "pos_y": -54.61, "rotation": 90.0, "side": "top", "designator": "D2", "mpn": null, "pack": "D_2010_5025Metric", "value": "1SS355VM", "mount_type": "smt", "place": true}, {"pos_x": 101.727, "pos_y": -109.728, "rotation": 0.0, "side": "top", "designator": "TP4", "mpn": null, "pack": "TestPoint_2Pads_Pitch2.54mm_Drill0.8mm", "value": "TestPoint_2Pole", "mount_type": "tht", "place": true}, {"pos_x": 102.8935, "pos_y": -125.349, "rotation": -90.0, "side": "top", "designator": "U7", "mpn": null, "pack": "SOT-23-6_Handsoldering", "value": "DW01", "mount_type": "smt", "place": true}, {"pos_x": 124.3815, "pos_y": -65.913, "rotation": -90.0, "side": "top", "designator": "R11", "mpn": null, "pack": "R_0603_1608Metric_Pad0.98x0.95mm_HandSolder", "value": "10 K", "mount_type": "smt", "place": true}, {"pos_x": 130.683, "pos_y": -117.0705, "rotation": 90.0, "side": "top", "designator": "R14", "mpn": null, "pack": "R_0603_1608Metric_Pad0.98x0.95mm_HandSolder", "value": "10 K", "mount_type": "smt", "place": true}, {"pos_x": 185.893, "pos_y": -113.284, "rotation": 90.0, "side": "top", "designator": "J8", "mpn": null, "pack": "Terminal_5mm", "value": "Conn_01x02", "mount_type": "tht", "place": true}, {"pos_x": 112.395, "pos_y": -81.534, "rotation": 0.0, "side": "top", "designator": "TP8", "mpn": null, "pack": "TestPoint_THTPad_D1.0mm_Drill0.5mm", "value": "TestPoint_Probe", "mount_type": "tht", "place": true}, {"pos_x": 125.5245, "pos_y": -59.563, "rotation": -90.0, "side": "top", "designator": "U9", "mpn": null, "pack": "SOIC-16_3.9x9.9mm_P1.27mm", "value": "CH340G", "mount_type": "smt", "place": true}, {"pos_x": 102.362, "pos_y": -106.299, "rotation": 90.0, "side": "top", "designator": "C13", "mpn": null, "pack": "C_0603_1608Metric_Pad1.08x0.95mm_HandSolder", "value": "10 uF", "mount_type": "smt", "place": true}, {"pos_x": 111.125, "pos_y": -78.486, "rotation": 0.0, "side": "top", "designator": "TP15", "mpn": null, "pack": "TestPoint_THTPad_D1.0mm_Drill0.5mm", "value": "TestPoint_Probe", "mount_type": "tht", "place": true}, {"pos_x": 129.453, "pos_y": -65.913, "rotation": 180.0, "side": "top", "designator": "Q1", "mpn": null, "pack": "SOT-23", "value": "BC817", "mount_type": "smt", "place": true}, {"pos_x": 167.005, "pos_y": -112.522, "rotation": 90.0, "side": "top", "designator": "U3", "mpn": null, "pack": "SOIC-16W_7.5x10.3mm_P1.27mm", "value": "DS3231M", "mount_type": "smt", "place": true}, {"pos_x": 117.475, "pos_y": -81.534, "rotation": 0.0, "side": "top", "designator": "TP3", "mpn": null, "pack": "TestPoint_THTPad_D1.0mm_Drill0.5mm", "value": "TestPoint_Probe", "mount_type": "tht", "place": true}, {"pos_x": 146.1324, "pos_y": -135.5852, "rotation": 0.0, "side": "top", "designator": "J1", "mpn": null, "pack": "Terminal_5mm", "value": "Conn_01x02", "mount_type": "tht", "place": true}, {"pos_x": 103.124, "pos_y": -115.443, "rotation": 90.0, "side": "top", "designator": "U4", "mpn": null, "pack": "TSSOP-8_4.4x3mm_P0.65mm", "value": "FS8205A", "mount_type": "smt", "place": true}, {"pos_x": 102.8375, "pos_y": -61.976, "rotation": -90.0, "side": "top", "designator": "J4", "mpn": null, "pack": "USB_Micro-B_Molex-105017-0001", "value": "USB_B_Micro", "mount_type": "smt", "place": true}, {"pos_x": 165.608, "pos_y": -101.5815, "rotation": -90.0, "side": "top", "designator": "C16", "mpn": null, "pack": "C_1206_3216Metric_Pad1.33x1.80mm_HandSolder", "value": "10 uF", "mount_type": "smt", "place": true}, {"pos_x": 104.14, "pos_y": -106.299, "rotation": 90.0, "side": "top", "designator": "R10", "mpn": null, "pack": "R_0603_1608Metric_Pad0.98x0.95mm_HandSolder", "value": "10 K", "mount_type": "smt", "place": true}, {"pos_x": 112.522, "pos_y": -112.776, "rotation": 0.0, "side": "top", "designator": "TP19", "mpn": null, "pack": "TestPoint_THTPad_D1.0mm_Drill0.5mm", "value": "TestPoint_Probe", "mount_type": "tht", "place": true}, {"pos_x": 103.378, "pos_y": -136.652, "rotation": 0.0, "side": "top", "designator": "J12", "mpn": null, "pack": "MountingHole_3.2mm_M3_ISO7380_Pad_TopBottom", "value": "Conn_01x01_Pin", "mount_type": "tht", "place": true}, {"pos_x": 115.062, "pos_y": -112.776, "rotation": 0.0, "side": "top", "designator": "TP21", "mpn": null, "pack": "TestPoint_THTPad_D1.0mm_Drill0.5mm", "value": "TestPoint_Probe", "mount_type": "tht", "place": true}, {"pos_x": 116.2567, "pos_y": -107.95, "rotation": 0.0, "side": "top", "designator": "TP11", "mpn": null, "pack": "TestPoint_THTPad_D1.0mm_Drill0.5mm", "value": "TestPoint_Probe", "mount_type": "tht", "place": true}, {"pos_x": 176.784, "pos_y": -66.167, "rotation": 180.0, "side": "top", "designator": "R4", "mpn": null, "pack": "R_0603_1608Metric_Pad0.98x0.95mm_HandSolder", "value": "100 Ohm", "mount_type": "smt", "place": true}, {"pos_x": 106.426, "pos_y": -79.99, "rotation": 90.0, "side": "top", "designator": "TP27", "mpn": null, "pack": "TestPoint_2Pads_Pitch2.54mm_Drill0.8mm", "value": "TestPoint_2Pole", "mount_type": "tht", "place": true}, {"pos_x": 126.619, "pos_y": -98.806, "rotation": 0.0, "side": "top", "designator": "J9", "mpn": null, "pack": "Pin_D1.0mm_L10.0mm", "value": "Conn_01x01_Pin", "mount_type": "tht", "place": true}, {"pos_x": 186.69, "pos_y": -136.652, "rotation": 0.0, "side": "top", "designator": "J13", "mpn": null, "pack": "MountingHole_3.2mm_M3_ISO7380_Pad_TopBottom", "value": "Conn_01x01_Pin", "mount_type": "tht", "place": true}, {"pos_x": 107.442, "pos_y": -70.231, "rotation": 180.0, "side": "top", "designator": "R7", "mpn": null, "pack": "R_0603_1608Metric_Pad0.98x0.95mm_HandSolder", "value": "1K", "mount_type": "smt", "place": true}, {"pos_x": 164.9241, "pos_y": -53.9389, "rotation": 0.0, "side": "top", "designator": "R3", "mpn": null, "pack": "R_0603_1608Metric_Pad0.98x0.95mm_HandSolder", "value": "33 K", "mount_type": "smt", "place": true}, {"pos_x": 103.378, "pos_y": -53.34, "rotation": 0.0, "side": "top", "designator": "J10", "mpn": null, "pack": "MountingHole_3.2mm_M3_ISO7380_Pad_TopBottom", "value": "Conn_01x01_Pin", "mount_type": "tht", "place": true}, {"pos_x": 168.783, "pos_y": -92.01, "rotation": -90.0, "side": "top", "designator": "C15", "mpn": null, "pack": "C_0603_1608Metric_Pad1.08x0.95mm_HandSolder", "value": "2.2 uF", "mount_type": "smt", "place": true}, {"pos_x": 116.152, "pos_y": -63.246, "rotation": 90.0, "side": "top", "designator": "R9", "mpn": null, "pack": "R_0603_1608Metric_Pad0.98x0.95mm_HandSolder", "value": "1K", "mount_type": "smt", "place": true}, {"pos_x": 119.3315, "pos_y": -70.993, "rotation": 0.0, "side": "top", "designator": "Q3", "mpn": null, "pack": "SOT-23", "value": "AO3401A", "mount_type": "smt", "place": true}, {"pos_x": 165.608, "pos_y": -90.1515, "rotation": -90.0, "side": "top", "designator": "C2", "mpn": null, "pack": "C_1206_3216Metric_Pad1.33x1.80mm_HandSolder", "value": "10 uF", "mount_type": "smt", "place": true}, {"pos_x": 174.651, "pos_y": -101.5315, "rotation": 90.0, "side": "top", "designator": "U12", "mpn": null, "pack": "HTSSOP-16-1EP_4.4x5mm_P0.65mm_EP3x3mm", "value": "DRV8833PW", "mount_type": "smt", "place": true}, {"pos_x": 168.783, "pos_y": -103.693, "rotation": -90.0, "side": "top", "designator": "C18", "mpn": null, "pack": "C_0603_1608Metric_Pad1.08x0.95mm_HandSolder", "value": "2.2 uF", "mount_type": "smt", "place": true}, {"pos_x": 102.87, "pos_y": -70.2525, "rotation": 90.0, "side": "top", "designator": "D3", "mpn": null, "pack": "LED_D3.0mm_Clear", "value": "LED G", "mount_type": "tht", "place": true}, {"pos_x": 103.632, "pos_y": -121.412, "rotation": 180.0, "side": "top", "designator": "R6", "mpn": null, "pack": "R_0603_1608Metric_Pad0.98x0.95mm_HandSolder", "value": "1k", "mount_type": "smt", "place": true}, {"pos_x": 107.315, "pos_y": -112.776, "rotation": 0.0, "side": "top", "designator": "TP24", "mpn": null, "pack": "TestPoint_THTPad_D1.0mm_Drill0.5mm", "value": "TestPoint_Probe", "mount_type": "tht", "place": true}, {"pos_x": 103.0205, "pos_y": -131.191, "rotation": 0.0, "side": "top", "designator": "R5", "mpn": null, "pack": "R_0603_1608Metric_Pad0.98x0.95mm_HandSolder", "value": "100 Ohm", "mount_type": "smt", "place": true}, {"pos_x": 103.0205, "pos_y": -129.159, "rotation": 0.0, "side": "top", "designator": "C7", "mpn": null, "pack": "C_0603_1608Metric_Pad1.08x0.95mm_HandSolder", "value": "0.1 uF", "mount_type": "smt", "place": true}, {"pos_x": 141.986, "pos_y": -55.88, "rotation": 0.0, "side": "top", "designator": "TP1", "mpn": null, "pack": "TestPoint_THTPad_D1.0mm_Drill0.5mm", "value": "TestPoint", "mount_type": "tht", "place": true}, {"pos_x": 107.442, "pos_y": -72.517, "rotation": 180.0, "side": "top", "designator": "R8", "mpn": null, "pack": "R_0603_1608Metric_Pad0.98x0.95mm_HandSolder", "value": "1K", "mount_type": "smt", "place": true}, {"pos_x": 125.857, "pos_y": -89.916, "rotation": 0.0, "side": "top", "designator": "TP12", "mpn": null, "pack": "TestPoint_THTPad_D1.0mm_Drill0.5mm", "value": "TestPoint_Probe", "mount_type": "tht", "place": true}, {"pos_x": 121.793, "pos_y": -98.806, "rotation": 0.0, "side": "top", "designator": "TP10", "mpn": null, "pack": "TestPoint_THTPad_D1.0mm_Drill0.5mm", "value": "TestPoint_Probe", "mount_type": "tht", "place": true}, {"pos_x": 128.524, "pos_y": -117.0705, "rotation": 90.0, "side": "top", "designator": "R13", "mpn": null, "pack": "R_0603_1608Metric_Pad0.98x0.95mm_HandSolder", "value": "10 K", "mount_type": "smt", "place": true}, {"pos_x": 158.75, "pos_y": -113.538, "rotation": 0.0, "side": "top", "designator": "TP30", "mpn": null, "pack": "TestPoint_THTPad_D1.0mm_Drill0.5mm", "value": "TestPoint_Probe", "mount_type": "tht", "place": true}, {"pos_x": 102.87, "pos_y": -75.5172, "rotation": 90.0, "side": "top", "designator": "D4", "mpn": null, "pack": "LED_D3.0mm_Clear", "value": "LED R", "mount_type": "tht", "place": true}, {"pos_x": 127.635, "pos_y": -70.993, "rotation": 0.0, "side": "top", "designator": "D5", "mpn": null, "pack": "D_SMA_Handsoldering", "value": "SS14", "mount_type": "smt", "place": true}, {"pos_x": 121.3335, "pos_y": -65.913, "rotation": 180.0, "side": "top", "designator": "Q2", "mpn": null, "pack": "SOT-23", "value": "BC817", "mount_type": "smt", "place": true}, {"pos_x": 185.893, "pos_y": -83.185, "rotation": 90.0, "side": "top", "designator": "J5", "mpn": null, "pack": "Terminal_5mm", "value": "Conn_01x02", "mount_type": "tht", "place": true}, {"pos_x": 109.982, "pos_y": -112.776, "rotation": 0.0, "side": "top", "designator": "TP22", "mpn": null, "pack": "TestPoint_THTPad_D1.0mm_Drill0.5mm", "value": "TestPoint_Probe", "mount_type": "tht", "place": true}, {"pos_x": 173.5836, "pos_y": -55.7022, "rotation": 0.0, "side": "top", "designator": "L1", "mpn": null, "pack": "L_Bourns-SRU1028_10.0x10.0mm", "value": "22 uH", "mount_type": "smt", "place": true}, {"pos_x": 185.893, "pos_y": -73.152, "rotation": 90.0, "side": "top", "designator": "J3", "mpn": null, "pack": "Terminal_5mm", "value": "Conn_01x02", "mount_type": "tht", "place": true}, {"pos_x": 122.809, "pos_y": -88.519, "rotation": 0.0, "side": "top", "designator": "TP5", "mpn": null, "pack": "TestPoint_THTPad_D1.0mm_Drill0.5mm", "value": "TestPoint_Probe", "mount_type": "tht", "place": true}, {"pos_x": 109.2473, "pos_y": -94.3266, "rotation": 90.0, "side": "top", "designator": "U1", "mpn": null, "pack": "ESP32-WROOM-32D", "value": "ESP32-WROOM-32D", "mount_type": "smt", "place": true}, {"pos_x": 128.143, "pos_y": -53.34, "rotation": 0.0, "side": "top", "designator": "C11", "mpn": null, "pack": "C_0603_1608Metric_Pad1.08x0.95mm_HandSolder", "value": "C 100 nF", "mount_type": "smt", "place": true}, {"pos_x": 122.936, "pos_y": -83.556, "rotation": 180.0, "side": "top", "designator": "J14", "mpn": null, "pack": "PinHeader_1x04_P2.54mm_Vertical", "value": "Conn_01x04_Pin", "mount_type": "tht", "place": true}, {"pos_x": 136.652, "pos_y": -53.975, "rotation": 0.0, "side": "top", "designator": "U2", "mpn": null, "pack": "TO-92L_Inline", "value": "HT7333", "mount_type": "tht", "place": true}, {"pos_x": 114.935, "pos_y": -81.534, "rotation": 0.0, "side": "top", "designator": "TP13", "mpn": null, "pack": "TestPoint_THTPad_D1.0mm_Drill0.5mm", "value": "TestPoint_Probe", "mount_type": "tht", "place": true}, {"pos_x": 111.252, "pos_y": -107.95, "rotation": 0.0, "side": "top", "designator": "TP23", "mpn": null, "pack": "TestPoint_THTPad_D1.0mm_Drill0.5mm", "value": "TestPoint_Probe", "mount_type": "tht", "place": true}, {"pos_x": 185.893, "pos_y": -63.119, "rotation": 90.0, "side": "top", "designator": "J2", "mpn": null, "pack": "Terminal_5mm", "value": "Conn_01x02", "mount_type": "tht", "place": true}, {"pos_x": 129.736, "pos_y": -106.679999, "rotation": 0.0, "side": "top", "designator": "BT1", "mpn": null, "pack": "BatteryHolder_Keystone_103_1x20mm", "value": "Battery_Cell", "mount_type": "tht", "place": true}, {"pos_x": 134.5415, "pos_y": -59.6635, "rotation": 90.0, "side": "top", "designator": "C14", "mpn": null, "pack": "C_0603_1608Metric_Pad1.08x0.95mm_HandSolder", "value": "C 10 uF", "mount_type": "smt", "place": true}]