[{"pos_x": 144.653, "pos_y": -92.8878, "rotation": 90.0, "side": "top", "designator": "D6", "mpn": null, "pack": "D_SMA_Handsoldering", "value": "1N5817", "mount_type": "smt", "place": true}, {"pos_x": 141.6558, "pos_y": -63.5738, "rotation": 90.0, "side": "top", "designator": "SW_FLASH1", "mpn": null, "pack": "SW_PUSH_6mm_H4.3mm", "value": "SW_Push", "mount_type": "tht", "place": true}, {"pos_x": 178.181, "pos_y": -97.307, "rotation": 90.0, "side": "top", "designator": "C17", "mpn": null, "pack": "C_0603_1608Metric_Pad1.08x0.95mm_HandSolder", "value": "0.1uF", "mount_type": "smt", "place": true}, {"pos_x": 165.048, "pos_y": -57.0336, "rotation": -90.0, "side": "top", "designator": "Q7", "mpn": null, "pack": "SOT-23", "value": "BC807", "mount_type": "smt", "place": true}, {"pos_x": 152.019, "pos_y": -122.428, "rotation": 90.0, "side": "top", "designator": "C4", "mpn": null, "pack": "C_1206_3216Metric_Pad1.33x1.80mm_HandSolder", "value": "22uF", "mount_type": "smt", "place": true}, {"pos_x": 109.2, "pos_y": -135.382, "rotation": 180.0, "side": "top", "designator": "TP29", "mpn": null, "pack": "TestPoint_2Pads_Pitch2.54mm_Drill0.8mm", "value": "TestPoint_2Pole", "mount_type": "tht", "place": true}, {"pos_x": 158.134, "pos_y": -120.134166, "rotation": 180.0, "side": "top", "designator": "R3", "mpn": null, "pack": "R_0603_1608Metric_Pad0.98x0.95mm_HandSolder", "value": "100K", "mount_type": "smt", "place": true}, {"pos_x": 184.049, "pos_y": -87.8205, "rotation": 90.0, "side": "top", "designator": "U9", "mpn": null, "pack": "HTSSOP-16-1EP_4.4x5mm_P0.65mm_EP3x3mm", "value": "DRV8833PW", "mount_type": "smt", "place": true}, {"pos_x": 110.8456, "pos_y": -82.4484, "rotation": 0.0, "side": "top", "designator": "TP14", "mpn": null, "pack": "TestPoint_THTPad_D1.5mm_Drill0.7mm", "value": "TestPoint_Probe", "mount_type": "tht", "place": true}, {"pos_x": 154.178, "pos_y": -138.684, "rotation": 0.0, "side": "top", "designator": "BT1", "mpn": null, "pack": "BatteryHolder_Keystone_1042_1x18650", "value": "Battery", "mount_type": "smt", "place": true}, {"pos_x": 167.513, "pos_y": -62.8396, "rotation": 0.0, "side": "top", "designator": "TP34", "mpn": null, "pack": "TestPoint_THTPad_D1.5mm_Drill0.7mm", "value": "TestPoint_Probe", "mount_type": "tht", "place": true}, {"pos_x": 173.482, "pos_y": -124.6755, "rotation": -90.0, "side": "top", "designator": "C6", "mpn": null, "pack": "C_1206_3216Metric_Pad1.33x1.80mm_HandSolder", "value": "22uF", "mount_type": "smt", "place": true}, {"pos_x": 117.1956, "pos_y": -74.7014, "rotation": -90.0, "side": "top", "designator": "R10", "mpn": null, "pack": "R_0603_1608Metric_Pad0.98x0.95mm_HandSolder", "value": "100K", "mount_type": "smt", "place": true}, {"pos_x": 151.13, "pos_y": -107.696, "rotation": 180.0, "side": "top", "designator": "R6", "mpn": null, "pack": "R_0603_1608Metric_Pad0.98x0.95mm_HandSolder", "value": "100K", "mount_type": "smt", "place": true}, {"pos_x": 110.5154, "pos_y": -74.6575, "rotation": 90.0, "side": "top", "designator": "R9", "mpn": null, "pack": "R_0603_1608Metric_Pad0.98x0.95mm_HandSolder", "value": "10K", "mount_type": "smt", "place": true}, {"pos_x": 112.268, "pos_y": -55.753, "rotation": -90.0, "side": "top", "designator": "U4", "mpn": null, "pack": "SOT-223-3_TabPin2", "value": "AMS1117-3.3", "mount_type": "smt", "place": true}, {"pos_x": 196.088, "pos_y": -129.794, "rotation": 0.0, "side": "top", "designator": "TP25", "mpn": null, "pack": "TestPoint_THTPad_D1.5mm_Drill0.7mm", "value": "TestPoint_Probe", "mount_type": "tht", "place": true}, {"pos_x": 140.873, "pos_y": -66.995, "rotation": -90.0, "side": "top", "designator": "R17", "mpn": null, "pack": "R_0603_1608Metric_Pad0.98x0.95mm_HandSolder", "value": "10K", "mount_type": "smt", "place": true}, {"pos_x": 195.6562, "pos_y": -92.1004, "rotation": 90.0, "side": "top", "designator": "J17", "mpn": null, "pack": "Terminal_5mm", "value": "Conn_01x02", "mount_type": "tht", "place": true}, {"pos_x": 117.4573, "pos_y": -114.1222, "rotation": 0.0, "side": "top", "designator": "TP7", "mpn": null, "pack": "TestPoint_THTPad_D1.5mm_Drill0.7mm", "value": "TestPoint_Probe", "mount_type": "tht", "place": true}, {"pos_x": 174.5996, "pos_y": -84.9122, "rotation": -90.0, "side": "top", "designator": "C16", "mpn": null, "pack": "C_1206_3216Metric_Pad1.33x1.80mm_HandSolder", "value": "10uF", "mount_type": "smt", "place": true}, {"pos_x": 184.049, "pos_y": -99.27975, "rotation": 90.0, "side": "top", "designator": "U10", "mpn": null, "pack": "HTSSOP-16-1EP_4.4x5mm_P0.65mm_EP3x3mm", "value": "DRV8833PW", "mount_type": "smt", "place": true}, {"pos_x": 169.2606, "pos_y": -78.9432, "rotation": 90.0, "side": "top", "designator": "J12", "mpn": null, "pack": "PinHeader_1x07_P2.54mm_Vertical", "value": "Conn_01x07_Pin", "mount_type": "tht", "place": true}, {"pos_x": 178.181, "pos_y": -108.4565, "rotation": 90.0, "side": "top", "designator": "C20", "mpn": null, "pack": "C_0603_1608Metric_Pad1.08x0.95mm_HandSolder", "value": "0.1uF", "mount_type": "smt", "place": true}, {"pos_x": 160.5788, "pos_y": -76.213, "rotation": -90.0, "side": "top", "designator": "D9", "mpn": null, "pack": "D_SMA_Handsoldering", "value": "1N5817", "mount_type": "smt", "place": true}, {"pos_x": 158.134, "pos_y": -116.0395, "rotation": 180.0, "side": "top", "designator": "R4", "mpn": null, "pack": "R_0603_1608Metric_Pad0.98x0.95mm_HandSolder", "value": "180K", "mount_type": "smt", "place": true}, {"pos_x": 145.4404, "pos_y": -102.2912, "rotation": 90.0, "side": "top", "designator": "TP31", "mpn": null, "pack": "TestPoint_2Pads_Pitch2.54mm_Drill0.8mm", "value": "TestPoint_2Pole", "mount_type": "tht", "place": true}, {"pos_x": 151.13, "pos_y": -109.982, "rotation": 180.0, "side": "top", "designator": "R7", "mpn": null, "pack": "R_0603_1608Metric_Pad0.98x0.95mm_HandSolder", "value": "100K", "mount_type": "smt", "place": true}, {"pos_x": 178.181, "pos_y": -89.9595, "rotation": -90.0, "side": "top", "designator": "C15", "mpn": null, "pack": "C_0603_1608Metric_Pad1.08x0.95mm_HandSolder", "value": "2.2uF", "mount_type": "smt", "place": true}, {"pos_x": 169.2606, "pos_y": -56.6928, "rotation": 90.0, "side": "top", "designator": "J10", "mpn": null, "pack": "PinHeader_1x07_P2.54mm_Vertical", "value": "Conn_01x07_Pin", "mount_type": "tht", "place": true}, {"pos_x": 126.7714, "pos_y": -86.36, "rotation": 0.0, "side": "top", "designator": "TP17", "mpn": null, "pack": "TestPoint_THTPad_D1.5mm_Drill0.7mm", "value": "TestPoint_Probe", "mount_type": "tht", "place": true}, {"pos_x": 101.7005, "pos_y": -106.045, "rotation": 180.0, "side": "top", "designator": "C2", "mpn": null, "pack": "C_0603_1608Metric_Pad1.08x0.95mm_HandSolder", "value": "0.1uF", "mount_type": "smt", "place": true}, {"pos_x": 105.6386, "pos_y": -78.0796, "rotation": 90.0, "side": "top", "designator": "R2", "mpn": null, "pack": "R_0603_1608Metric_Pad0.98x0.95mm_HandSolder", "value": "330", "mount_type": "smt", "place": true}, {"pos_x": 160.603, "pos_y": -56.4386, "rotation": -90.0, "side": "top", "designator": "D7", "mpn": null, "pack": "D_SMA_Handsoldering", "value": "1N5817", "mount_type": "smt", "place": true}, {"pos_x": 125.984, "pos_y": -118.745, "rotation": 90.0, "side": "top", "designator": "R21", "mpn": null, "pack": "R_0603_1608Metric_Pad0.98x0.95mm_HandSolder", "value": "10K", "mount_type": "smt", "place": true}, {"pos_x": 176.911, "pos_y": -117.983, "rotation": 0.0, "side": "top", "designator": "TP27", "mpn": null, "pack": "TestPoint_THTPad_D1.0mm_Drill0.5mm", "value": "TestPoint", "mount_type": "tht", "place": true}, {"pos_x": 128.6764, "pos_y": -118.2624, "rotation": 0.0, "side": "top", "designator": "TP36", "mpn": null, "pack": "TestPoint_THTPad_D1.5mm_Drill0.7mm", "value": "TestPoint_Probe", "mount_type": "tht", "place": true}, {"pos_x": 156.7156, "pos_y": -78.5368, "rotation": 180.0, "side": "top", "designator": "SW3", "mpn": null, "pack": "SW_PUSH_6mm_H4.3mm", "value": "SW_Push", "mount_type": "tht", "place": true}, {"pos_x": 182.198, "pos_y": -121.92, "rotation": 0.0, "side": "top", "designator": "C7", "mpn": null, "pack": "CP_Radial_D10.0mm_P5.00mm", "value": "1000uF", "mount_type": "tht", "place": true}, {"pos_x": 126.7714, "pos_y": -82.804, "rotation": 0.0, "side": "top", "designator": "TP5", "mpn": null, "pack": "TestPoint_THTPad_D1.5mm_Drill0.7mm", "value": "TestPoint_Probe", "mount_type": "tht", "place": true}, {"pos_x": 109.6638, "pos_y": -128.5098, "rotation": -90.0, "side": "top", "designator": "U5", "mpn": null, "pack": "SOIC-8-1EP_3.9x4.9mm_P1.27mm_EP2.29x3mm", "value": "TP4056", "mount_type": "smt", "place": true}, {"pos_x": 118.491, "pos_y": -53.532, "rotation": 180.0, "side": "top", "designator": "Y1", "mpn": null, "pack": "Resonator_SMD_Murata_CSTxExxV-3Pin_3.0x1.1mm_HandSoldering", "value": "Resonator", "mount_type": "smt", "place": true}, {"pos_x": 195.6562, "pos_y": -102.1334, "rotation": 90.0, "side": "top", "designator": "J20", "mpn": null, "pack": "Terminal_5mm", "value": "Conn_01x02", "mount_type": "tht", "place": true}, {"pos_x": 107.315, "pos_y": -58.273, "rotation": 90.0, "side": "top", "designator": "TP28", "mpn": null, "pack": "TestPoint_2Pads_Pitch2.54mm_Drill0.8mm", "value": "TestPoint_2Pole", "mount_type": "tht", "place": true}, {"pos_x": 167.513, "pos_y": -53.2236, "rotation": 0.0, "side": "top", "designator": "TP33", "mpn": null, "pack": "TestPoint_THTPad_D1.5mm_Drill0.7mm", "value": "TestPoint_Probe", "mount_type": "tht", "place": true}, {"pos_x": 118.11, "pos_y": -67.691, "rotation": 0.0, "side": "top", "designator": "TP2", "mpn": null, "pack": "TestPoint_THTPad_D1.5mm_Drill0.7mm", "value": "TestPoint_Probe", "mount_type": "tht", "place": true}, {"pos_x": 150.114, "pos_y": -113.03, "rotation": 0.0, "side": "top", "designator": "TP15", "mpn": null, "pack": "TestPoint_THTPad_D1.5mm_Drill0.7mm", "value": "TestPoint_Probe", "mount_type": "tht", "place": true}, {"pos_x": 103.124, "pos_y": -80.4672, "rotation": 180.0, "side": "top", "designator": "D1", "mpn": null, "pack": "LED_0603_1608Metric_Pad1.05x0.95mm_HandSolder", "value": "LED", "mount_type": "smt", "place": true}, {"pos_x": 138.557, "pos_y": -93.98, "rotation": 0.0, "side": "top", "designator": "J9", "mpn": null, "pack": "Pin_D1.0mm_L10.0mm", "value": "Conn_01x01_Pin", "mount_type": "tht", "place": true}, {"pos_x": 138.557, "pos_y": -98.552, "rotation": 0.0, "side": "top", "designator": "J8", "mpn": null, "pack": "Pin_D1.0mm_L10.0mm", "value": "Conn_01x01_Pin", "mount_type": "tht", "place": true}, {"pos_x": 156.7156, "pos_y": -57.9628, "rotation": 180.0, "side": "top", "designator": "SW1", "mpn": null, "pack": "SW_PUSH_6mm_H4.3mm", "value": "SW_Push", "mount_type": "tht", "place": true}, {"pos_x": 165.0746, "pos_y": -69.7738, "rotation": 180.0, "side": "top", "designator": "R26", "mpn": null, "pack": "R_0603_1608Metric_Pad0.98x0.95mm_HandSolder", "value": "10K", "mount_type": "smt", "place": true}, {"pos_x": 102.8203, "pos_y": -127.508, "rotation": 180.0, "side": "top", "designator": "C8", "mpn": null, "pack": "C_0603_1608Metric_Pad1.08x0.95mm_HandSolder", "value": "0.1uF", "mount_type": "smt", "place": true}, {"pos_x": 178.181, "pos_y": -85.5145, "rotation": 90.0, "side": "top", "designator": "C14", "mpn": null, "pack": "C_0603_1608Metric_Pad1.08x0.95mm_HandSolder", "value": "0.1uF", "mount_type": "smt", "place": true}, {"pos_x": 163.957, "pos_y": -73.3044, "rotation": -90.0, "side": "top", "designator": "R27", "mpn": null, "pack": "R_0603_1608Metric_Pad0.98x0.95mm_HandSolder", "value": "10K", "mount_type": "smt", "place": true}, {"pos_x": 106.8601, "pos_y": -74.6404, "rotation": 180.0, "side": "top", "designator": "Q1", "mpn": null, "pack": "SOT-23", "value": "AO3401A", "mount_type": "smt", "place": true}, {"pos_x": 102.8203, "pos_y": -131.191, "rotation": 180.0, "side": "top", "designator": "C11", "mpn": null, "pack": "C_0603_1608Metric_Pad1.08x0.95mm_HandSolder", "value": "10uF", "mount_type": "smt", "place": true}, {"pos_x": 126.7714, "pos_y": -79.248, "rotation": 0.0, "side": "top", "designator": "TP12", "mpn": null, "pack": "TestPoint_THTPad_D1.5mm_Drill0.7mm", "value": "TestPoint_Probe", "mount_type": "tht", "place": true}, {"pos_x": 196.342, "pos_y": -53.213, "rotation": 0.0, "side": "top", "designator": "J4", "mpn": null, "pack": "MountingHole_3.2mm_M3_ISO7380_Pad_TopBottom", "value": "Conn_01x01_Pin", "mount_type": "tht", "place": true}, {"pos_x": 121.0795, "pos_y": -123.124, "rotation": 0.0, "side": "top", "designator": "Q6", "mpn": null, "pack": "SOT-23", "value": "AO3401A", "mount_type": "smt", "place": true}, {"pos_x": 108.6095, "pos_y": -108.712, "rotation": 0.0, "side": "top", "designator": "TP24", "mpn": null, "pack": "TestPoint_THTPad_D1.5mm_Drill0.7mm", "value": "TestPoint_Probe", "mount_type": "tht", "place": true}, {"pos_x": 117.348, "pos_y": -123.2154, "rotation": -90.0, "side": "top", "designator": "R22", "mpn": null, "pack": "R_0603_1608Metric_Pad0.98x0.95mm_HandSolder", "value": "100K", "mount_type": "smt", "place": true}, {"pos_x": 126.746, "pos_y": -54.61, "rotation": 0.0, "side": "top", "designator": "R14", "mpn": null, "pack": "R_0603_1608Metric_Pad0.98x0.95mm_HandSolder", "value": "220", "mount_type": "smt", "place": true}, {"pos_x": 113.707032, "pos_y": -108.712, "rotation": 0.0, "side": "top", "designator": "TP19", "mpn": null, "pack": "TestPoint_THTPad_D1.5mm_Drill0.7mm", "value": "TestPoint_Probe", "mount_type": "tht", "place": true}, {"pos_x": 157.734, "pos_y": -123.1515, "rotation": 180.0, "side": "top", "designator": "U3", "mpn": null, "pack": "SOT-23-6", "value": "MT3608", "mount_type": "smt", "place": true}, {"pos_x": 172.974, "pos_y": -118.5795, "rotation": 90.0, "side": "top", "designator": "D2", "mpn": null, "pack": "D_2010_5025Metric", "value": "1SS355VM", "mount_type": "smt", "place": true}, {"pos_x": 102.362, "pos_y": -141.478, "rotation": 0.0, "side": "top", "designator": "TP1", "mpn": null, "pack": "TestPoint_2Pads_Pitch2.54mm_Drill0.8mm", "value": "TestPoint_2Pole", "mount_type": "tht", "place": true}, {"pos_x": 112.442, "pos_y": -147.508, "rotation": 0.0, "side": "top", "designator": "U8", "mpn": null, "pack": "SOT-23-6_Handsoldering", "value": "DW01", "mount_type": "smt", "place": true}, {"pos_x": 138.079, "pos_y": -66.995, "rotation": -90.0, "side": "top", "designator": "R16", "mpn": null, "pack": "R_0603_1608Metric_Pad0.98x0.95mm_HandSolder", "value": "10K", "mount_type": "smt", "place": true}, {"pos_x": 195.6562, "pos_y": -112.1664, "rotation": 90.0, "side": "top", "designator": "J19", "mpn": null, "pack": "Terminal_5mm", "value": "Conn_01x02", "mount_type": "tht", "place": true}, {"pos_x": 122.428, "pos_y": -77.1144, "rotation": 0.0, "side": "top", "designator": "TP6", "mpn": null, "pack": "TestPoint_THTPad_D1.5mm_Drill0.7mm", "value": "TestPoint_Probe", "mount_type": "tht", "place": true}, {"pos_x": 122.301, "pos_y": -59.755, "rotation": -90.0, "side": "top", "designator": "U6", "mpn": null, "pack": "SOIC-16_3.9x9.9mm_P1.27mm", "value": "CH340G", "mount_type": "smt", "place": true}, {"pos_x": 101.727, "pos_y": -109.855, "rotation": 180.0, "side": "top", "designator": "C3", "mpn": null, "pack": "C_0603_1608Metric_Pad1.08x0.95mm_HandSolder", "value": "10uF", "mount_type": "smt", "place": true}, {"pos_x": 126.7714, "pos_y": -75.692, "rotation": 0.0, "side": "top", "designator": "TP13", "mpn": null, "pack": "TestPoint_THTPad_D1.5mm_Drill0.7mm", "value": "TestPoint_Probe", "mount_type": "tht", "place": true}, {"pos_x": 133.1745, "pos_y": -66.995, "rotation": 180.0, "side": "top", "designator": "Q3", "mpn": null, "pack": "SOT-23", "value": "BC817", "mount_type": "smt", "place": true}, {"pos_x": 122.428, "pos_y": -84.802132, "rotation": 0.0, "side": "top", "designator": "TP3", "mpn": null, "pack": "TestPoint_THTPad_D1.5mm_Drill0.7mm", "value": "TestPoint_Probe", "mount_type": "tht", "place": true}, {"pos_x": 195.6308, "pos_y": -122.5042, "rotation": 90.0, "side": "top", "designator": "J14", "mpn": null, "pack": "Terminal_5mm", "value": "Conn_01x02", "mount_type": "tht", "place": true}, {"pos_x": 156.7156, "pos_y": -68.2498, "rotation": 180.0, "side": "top", "designator": "SW2", "mpn": null, "pack": "SW_PUSH_6mm_H4.3mm", "value": "SW_Push", "mount_type": "tht", "place": true}, {"pos_x": 102.8375, "pos_y": -61.976, "rotation": -90.0, "side": "top", "designator": "J13", "mpn": null, "pack": "USB_Micro-B_Molex-105017-0001", "value": "USB_B_Micro", "mount_type": "smt", "place": true}, {"pos_x": 175.006, "pos_y": -110.789, "rotation": -90.0, "side": "top", "designator": "C19", "mpn": null, "pack": "C_1206_3216Metric_Pad1.33x1.80mm_HandSolder", "value": "10uF", "mount_type": "smt", "place": true}, {"pos_x": 125.984, "pos_y": -123.063, "rotation": -90.0, "side": "top", "designator": "R20", "mpn": null, "pack": "R_0603_1608Metric_Pad0.98x0.95mm_HandSolder", "value": "100K", "mount_type": "smt", "place": true}, {"pos_x": 133.399, "pos_y": -110.109, "rotation": 0.0, "side": "top", "designator": "TP39", "mpn": null, "pack": "TestPoint_THTPad_D1.5mm_Drill0.7mm", "value": "TestPoint_Probe", "mount_type": "tht", "place": true}, {"pos_x": 158.242, "pos_y": -109.9004, "rotation": -90.0, "side": "top", "designator": "TP40", "mpn": null, "pack": "TestPoint_2Pads_Pitch2.54mm_Drill0.8mm", "value": "Bat Exclusion", "mount_type": "tht", "place": true}, {"pos_x": 112.38615, "pos_y": -114.1222, "rotation": 0.0, "side": "top", "designator": "TP18", "mpn": null, "pack": "TestPoint_THTPad_D1.5mm_Drill0.7mm", "value": "TestPoint_Probe", "mount_type": "tht", "place": true}, {"pos_x": 137.3272, "pos_y": -57.1004, "rotation": -90.0, "side": "top", "designator": "SW_RST1", "mpn": null, "pack": "SW_PUSH_6mm_H4.3mm", "value": "SW_Push", "mount_type": "tht", "place": true}, {"pos_x": 103.124, "pos_y": -146.304, "rotation": 0.0, "side": "top", "designator": "J5", "mpn": null, "pack": "MountingHole_3.2mm_M3_ISO7380_Pad_TopBottom", "value": "Conn_01x01_Pin", "mount_type": "tht", "place": true}, {"pos_x": 103.505, "pos_y": -111.7092, "rotation": 0.0, "side": "top", "designator": "R1", "mpn": null, "pack": "R_0603_1608Metric_Pad0.98x0.95mm_HandSolder", "value": "100K", "mount_type": "smt", "place": true}, {"pos_x": 114.921725, "pos_y": -114.1222, "rotation": 0.0, "side": "top", "designator": "TP20", "mpn": null, "pack": "TestPoint_THTPad_D1.5mm_Drill0.7mm", "value": "TestPoint_Probe", "mount_type": "tht", "place": true}, {"pos_x": 121.1072, "pos_y": -109.9928, "rotation": 90.0, "side": "top", "designator": "D10", "mpn": null, "pack": "D_SMA_Handsoldering", "value": "1N5817", "mount_type": "smt", "place": true}, {"pos_x": 116.2558, "pos_y": -108.712, "rotation": 0.0, "side": "top", "designator": "TP9", "mpn": null, "pack": "TestPoint_THTPad_D1.5mm_Drill0.7mm", "value": "TestPoint_Probe", "mount_type": "tht", "place": true}, {"pos_x": 141.527, "pos_y": -112.014, "rotation": 0.0, "side": "top", "designator": "U12", "mpn": null, "pack": "SOIC-16W_7.5x10.3mm_P1.27mm", "value": "DS3231M", "mount_type": "smt", "place": true}, {"pos_x": 178.308, "pos_y": -126.492, "rotation": 0.0, "side": "top", "designator": "R8", "mpn": null, "pack": "R_0603_1608Metric_Pad0.98x0.95mm_HandSolder", "value": "100 Ohm", "mount_type": "smt", "place": true}, {"pos_x": 138.557, "pos_y": -89.408, "rotation": 0.0, "side": "top", "designator": "J7", "mpn": null, "pack": "Pin_D1.0mm_L10.0mm", "value": "Conn_01x01_Pin", "mount_type": "tht", "place": true}, {"pos_x": 196.342, "pos_y": -146.304, "rotation": 0.0, "side": "top", "designator": "J6", "mpn": null, "pack": "MountingHole_3.2mm_M3_ISO7380_Pad_TopBottom", "value": "Conn_01x01_Pin", "mount_type": "tht", "place": true}, {"pos_x": 102.8203, "pos_y": -133.0325, "rotation": 180.0, "side": "top", "designator": "R11", "mpn": null, "pack": "R_0603_1608Metric_Pad0.98x0.95mm_HandSolder", "value": "1K", "mount_type": "smt", "place": true}, {"pos_x": 133.399, "pos_y": -107.569, "rotation": 0.0, "side": "top", "designator": "TP38", "mpn": null, "pack": "TestPoint_THTPad_D1.5mm_Drill0.7mm", "value": "TestPoint_Probe", "mount_type": "tht", "place": true}, {"pos_x": 158.134, "pos_y": -118.086833, "rotation": 180.0, "side": "top", "designator": "R5", "mpn": null, "pack": "R_0603_1608Metric_Pad0.98x0.95mm_HandSolder", "value": "10K", "mount_type": "smt", "place": true}, {"pos_x": 103.378, "pos_y": -53.34, "rotation": 0.0, "side": "top", "designator": "J3", "mpn": null, "pack": "MountingHole_3.2mm_M3_ISO7380_Pad_TopBottom", "value": "Conn_01x01_Pin", "mount_type": "tht", "place": true}, {"pos_x": 178.181, "pos_y": -101.2175, "rotation": -90.0, "side": "top", "designator": "C18", "mpn": null, "pack": "C_0603_1608Metric_Pad1.08x0.95mm_HandSolder", "value": "2.2uF", "mount_type": "smt", "place": true}, {"pos_x": 102.8203, "pos_y": -129.3495, "rotation": 0.0, "side": "top", "designator": "R13", "mpn": null, "pack": "R_0603_1608Metric_Pad0.98x0.95mm_HandSolder", "value": "1K", "mount_type": "smt", "place": true}, {"pos_x": 121.4018, "pos_y": -68.6539, "rotation": -90.0, "side": "top", "designator": "Q2", "mpn": null, "pack": "SOT-23", "value": "AO3401A", "mount_type": "smt", "place": true}, {"pos_x": 126.7406, "pos_y": -66.2432, "rotation": 0.0, "side": "top", "designator": "TP30", "mpn": null, "pack": "TestPoint_2Pads_Pitch2.54mm_Drill0.8mm", "value": "TestPoint_2Pole", "mount_type": "tht", "place": true}, {"pos_x": 174.9552, "pos_y": -103.9114, "rotation": -90.0, "side": "top", "designator": "C13", "mpn": null, "pack": "C_1206_3216Metric_Pad1.33x1.80mm_HandSolder", "value": "10uF", "mount_type": "smt", "place": true}, {"pos_x": 184.049, "pos_y": -110.739, "rotation": 90.0, "side": "top", "designator": "U11", "mpn": null, "pack": "HTSSOP-16-1EP_4.4x5mm_P0.65mm_EP3x3mm", "value": "DRV8833PW", "mount_type": "smt", "place": true}, {"pos_x": 178.181, "pos_y": -112.9005, "rotation": -90.0, "side": "top", "designator": "C21", "mpn": null, "pack": "C_0603_1608Metric_Pad1.08x0.95mm_HandSolder", "value": "2.2uF", "mount_type": "smt", "place": true}, {"pos_x": 102.0826, "pos_y": -138.0744, "rotation": -90.0, "side": "top", "designator": "D3", "mpn": null, "pack": "LED_0603_1608Metric_Pad1.05x0.95mm_HandSolder", "value": "LED G", "mount_type": "smt", "place": true}, {"pos_x": 108.966, "pos_y": -146.558, "rotation": 90.0, "side": "top", "designator": "R19", "mpn": null, "pack": "R_0603_1608Metric_Pad0.98x0.95mm_HandSolder", "value": "1k", "mount_type": "smt", "place": true}, {"pos_x": 102.87, "pos_y": -117.2464, "rotation": 0.0, "side": "top", "designator": "J1", "mpn": null, "pack": "PinHeader_1x03_P2.54mm_Vertical", "value": "Conn_01x03_Pin", "mount_type": "tht", "place": true}, {"pos_x": 107.315, "pos_y": -114.1222, "rotation": 0.0, "side": "top", "designator": "TP23", "mpn": null, "pack": "TestPoint_THTPad_D1.5mm_Drill0.7mm", "value": "TestPoint_Probe", "mount_type": "tht", "place": true}, {"pos_x": 165.0492, "pos_y": -77.1505, "rotation": -90.0, "side": "top", "designator": "Q9", "mpn": null, "pack": "SOT-23", "value": "BC807", "mount_type": "smt", "place": true}, {"pos_x": 150.114, "pos_y": -104.648, "rotation": 0.0, "side": "top", "designator": "TP16", "mpn": null, "pack": "TestPoint_THTPad_D1.5mm_Drill0.7mm", "value": "TestPoint_Probe", "mount_type": "tht", "place": true}, {"pos_x": 113.284, "pos_y": -143.256, "rotation": 0.0, "side": "top", "designator": "R18", "mpn": null, "pack": "R_0603_1608Metric_Pad0.98x0.95mm_HandSolder", "value": "100 Ohm", "mount_type": "smt", "place": true}, {"pos_x": 111.3282, "pos_y": -119.8372, "rotation": -90.0, "side": "top", "designator": "C5", "mpn": null, "pack": "C_1206_3216Metric_Pad1.33x1.80mm_HandSolder", "value": "100uF", "mount_type": "smt", "place": true}, {"pos_x": 113.284, "pos_y": -144.78, "rotation": 180.0, "side": "top", "designator": "C12", "mpn": null, "pack": "C_0603_1608Metric_Pad1.08x0.95mm_HandSolder", "value": "100nF", "mount_type": "smt", "place": true}, {"pos_x": 149.479, "pos_y": -125.73, "rotation": 0.0, "side": "top", "designator": "TP26", "mpn": null, "pack": "TestPoint_THTPad_D1.0mm_Drill0.5mm", "value": "TestPoint", "mount_type": "tht", "place": true}, {"pos_x": 102.8203, "pos_y": -134.874, "rotation": 180.0, "side": "top", "designator": "R12", "mpn": null, "pack": "R_0603_1608Metric_Pad0.98x0.95mm_HandSolder", "value": "1K", "mount_type": "smt", "place": true}, {"pos_x": 122.428, "pos_y": -91.948, "rotation": 0.0, "side": "top", "designator": "TP10", "mpn": null, "pack": "TestPoint_THTPad_D1.5mm_Drill0.7mm", "value": "TestPoint_Probe", "mount_type": "tht", "place": true}, {"pos_x": 122.301, "pos_y": -98.806, "rotation": 0.0, "side": "top", "designator": "TP8", "mpn": null, "pack": "TestPoint_THTPad_D1.5mm_Drill0.7mm", "value": "TestPoint_Probe", "mount_type": "tht", "place": true}, {"pos_x": 101.7005, "pos_y": -107.95, "rotation": 180.0, "side": "top", "designator": "C1", "mpn": null, "pack": "C_0603_1608Metric_Pad1.08x0.95mm_HandSolder", "value": "10uF", "mount_type": "smt", "place": true}, {"pos_x": 108.458, "pos_y": -140.462, "rotation": -90.0, "side": "top", "designator": "U7", "mpn": null, "pack": "TSSOP-8_4.4x3mm_P0.65mm", "value": "FS8205A", "mount_type": "smt", "place": true}, {"pos_x": 130.2535, "pos_y": -123.063, "rotation": 0.0, "side": "top", "designator": "Q5", "mpn": null, "pack": "SOT-23", "value": "BC817", "mount_type": "smt", "place": true}, {"pos_x": 136.848, "pos_y": -119.253, "rotation": 0.0, "side": "top", "designator": "TP37", "mpn": null, "pack": "TestPoint_2Pads_Pitch2.54mm_Drill0.8mm", "value": "RTC Reset", "mount_type": "tht", "place": true}, {"pos_x": 165.1, "pos_y": -80.0862, "rotation": 180.0, "side": "top", "designator": "R28", "mpn": null, "pack": "R_0603_1608Metric_Pad0.98x0.95mm_HandSolder", "value": "10K", "mount_type": "smt", "place": true}, {"pos_x": 163.83, "pos_y": -109.898, "rotation": 90.0, "side": "top", "designator": "BT2", "mpn": null, "pack": "BatteryHolder_Keystone_103_1x20mm", "value": "Battery_Cell", "mount_type": "tht", "place": true}, {"pos_x": 164.084, "pos_y": -63.0682, "rotation": -90.0, "side": "top", "designator": "R25", "mpn": null, "pack": "R_0603_1608Metric_Pad0.98x0.95mm_HandSolder", "value": "10K", "mount_type": "smt", "place": true}, {"pos_x": 104.3686, "pos_y": -138.049, "rotation": -90.0, "side": "top", "designator": "D4", "mpn": null, "pack": "LED_0603_1608Metric_Pad1.05x0.95mm_HandSolder", "value": "LED R", "mount_type": "smt", "place": true}, {"pos_x": 126.746, "pos_y": -52.451, "rotation": 0.0, "side": "top", "designator": "R15", "mpn": null, "pack": "R_0603_1608Metric_Pad0.98x0.95mm_HandSolder", "value": "220", "mount_type": "smt", "place": true}, {"pos_x": 110.236, "pos_y": -64.643, "rotation": 180.0, "side": "top", "designator": "D5", "mpn": null, "pack": "D_SMA_Handsoldering", "value": "SS14", "mount_type": "smt", "place": true}, {"pos_x": 145.7475, "pos_y": -66.995, "rotation": 180.0, "side": "top", "designator": "Q4", "mpn": null, "pack": "SOT-23", "value": "BC817", "mount_type": "smt", "place": true}, {"pos_x": 165.048, "pos_y": -60.2086, "rotation": 180.0, "side": "top", "designator": "R24", "mpn": null, "pack": "R_0603_1608Metric_Pad0.98x0.95mm_HandSolder", "value": "10K", "mount_type": "smt", "place": true}, {"pos_x": 165.0492, "pos_y": -66.7789, "rotation": -90.0, "side": "top", "designator": "Q8", "mpn": null, "pack": "SOT-23", "value": "BC807", "mount_type": "smt", "place": true}, {"pos_x": 195.6562, "pos_y": -82.0674, "rotation": 90.0, "side": "top", "designator": "J18", "mpn": null, "pack": "Terminal_5mm", "value": "Conn_01x02", "mount_type": "tht", "place": true}, {"pos_x": 109.850575, "pos_y": -114.1222, "rotation": 0.0, "side": "top", "designator": "TP21", "mpn": null, "pack": "TestPoint_THTPad_D1.5mm_Drill0.7mm", "value": "TestPoint_Probe", "mount_type": "tht", "place": true}, {"pos_x": 165.608, "pos_y": -121.1195, "rotation": 90.0, "side": "top", "designator": "L1", "mpn": null, "pack": "L_Bourns-SRU1028_10.0x10.0mm", "value": "22uH", "mount_type": "smt", "place": true}, {"pos_x": 133.126, "pos_y": -53.406, "rotation": 90.0, "side": "top", "designator": "J2", "mpn": null, "pack": "PinHeader_1x06_P2.54mm_Vertical", "value": "Conn_01x06_Pin", "mount_type": "tht", "place": true}, {"pos_x": 195.6562, "pos_y": -72.0344, "rotation": 90.0, "side": "top", "designator": "J15", "mpn": null, "pack": "Terminal_5mm", "value": "Conn_01x02", "mount_type": "tht", "place": true}, {"pos_x": 114.173, "pos_y": -123.2154, "rotation": 90.0, "side": "top", "designator": "C22", "mpn": null, "pack": "C_0603_1608Metric_Pad1.08x0.95mm_HandSolder", "value": "10n", "mount_type": "smt", "place": true}, {"pos_x": 122.428, "pos_y": -88.646, "rotation": 0.0, "side": "top", "designator": "TP4", "mpn": null, "pack": "TestPoint_THTPad_D1.5mm_Drill0.7mm", "value": "TestPoint_Probe", "mount_type": "tht", "place": true}, {"pos_x": 109.2473, "pos_y": -94.3266, "rotation": 90.0, "side": "top", "designator": "U1", "mpn": null, "pack": "ESP32-WROOM-32D", "value": "ESP32-WROOM-32D", "mount_type": "smt", "place": true}, {"pos_x": 124.3838, "pos_y": -105.7656, "rotation": 0.0, "side": "top", "designator": "TP32", "mpn": null, "pack": "TestPoint_THTPad_D1.5mm_Drill0.7mm", "value": "TestPoint_Probe", "mount_type": "tht", "place": true}, {"pos_x": 163.778, "pos_y": -53.2236, "rotation": -90.0, "side": "top", "designator": "R23", "mpn": null, "pack": "R_0603_1608Metric_Pad0.98x0.95mm_HandSolder", "value": "10K", "mount_type": "smt", "place": true}, {"pos_x": 122.174, "pos_y": -53.34, "rotation": 90.0, "side": "top", "designator": "C10", "mpn": null, "pack": "C_0603_1608Metric_Pad1.08x0.95mm_HandSolder", "value": "0.1uF", "mount_type": "smt", "place": true}, {"pos_x": 102.6414, "pos_y": -77.1552, "rotation": 180.0, "side": "top", "designator": "J11", "mpn": null, "pack": "PinHeader_1x04_P2.54mm_Vertical", "value": "Conn_01x04_Pin", "mount_type": "tht", "place": true}, {"pos_x": 167.4876, "pos_y": -73.3044, "rotation": 0.0, "side": "top", "designator": "TP35", "mpn": null, "pack": "TestPoint_THTPad_D1.5mm_Drill0.7mm", "value": "TestPoint_Probe", "mount_type": "tht", "place": true}, {"pos_x": 131.367, "pos_y": -109.22, "rotation": 90.0, "side": "top", "designator": "R29", "mpn": null, "pack": "R_0603_1608Metric_Pad0.98x0.95mm_HandSolder", "value": "100K", "mount_type": "smt", "place": true}, {"pos_x": 160.5788, "pos_y": -66.3483, "rotation": -90.0, "side": "top", "designator": "D8", "mpn": null, "pack": "D_SMA_Handsoldering", "value": "1N5817", "mount_type": "smt", "place": true}, {"pos_x": 108.0444, "pos_y": -121.0372, "rotation": 90.0, "side": "top", "designator": "U2", "mpn": null, "pack": "TO-92L_Inline", "value": "HT7333", "mount_type": "tht", "place": true}, {"pos_x": 122.428, "pos_y": -80.958266, "rotation": 0.0, "side": "top", "designator": "TP11", "mpn": null, "pack": "TestPoint_THTPad_D1.5mm_Drill0.7mm", "value": "TestPoint_Probe", "mount_type": "tht", "place": true}, {"pos_x": 111.158266, "pos_y": -108.712, "rotation": 0.0, "side": "top", "designator": "TP22", "mpn": null, "pack": "TestPoint_THTPad_D1.5mm_Drill0.7mm", "value": "TestPoint_Probe", "mount_type": "tht", "place": true}, {"pos_x": 195.6562, "pos_y": -62.0014, "rotation": 90.0, "side": "top", "designator": "J16", "mpn": null, "pack": "Terminal_5mm", "value": "Conn_01x02", "mount_type": "tht", "place": true}, {"pos_x": 128.778, "pos_y": -113.411, "rotation": 180.0, "side": "top", "designator": "D11", "mpn": null, "pack": "D_SMA_Handsoldering", "value": "1N5817", "mount_type": "smt", "place": true}, {"pos_x": 129.413, "pos_y": -58.5724, "rotation": 90.0, "side": "top", "designator": "C9", "mpn": null, "pack": "C_0603_1608Metric_Pad1.08x0.95mm_HandSolder", "value": "10uF", "mount_type": "smt", "place": true}]